Tipo,R²,MAE,MAE Ponderado,RMSE,RMSE Ponderado,Early Stopping,Quantidade de Épocas
CNN-2,0.5169893932940564,185.37230198552462,256.02900318041003,275.3306937619492,301.11012276043766,,
CNN-50A,0.8841814231922239,92.9997965771219,166.6355493761582,134.8234410151476,176.70865478651444,,
CNN-50B,0.9542153104749549,54.56661686007982,94.32442625845597,84.76887742598656,111.81857200109036,,
CNN-50Batch25,0.9538994450317819,54.24232255232689,74.19814799190658,85.06078217886359,96.9197578435146,,
CNN-Maior-50Batch25,0.9529951359577031,55.74945389842551,86.60191907571709,85.89100721935453,105.53770739105138,,
CNN-Maior2-50Batch25,-0.9826293860627597,393.8097575076385,394.3599939957363,557.8238318423452,557.8277176696655,,
CNN-Maior2-50Batch25,0.9541901606836795,56.09910743542067,90.70683082617666,84.79215624372576,106.87218298663969,,
CNN-Maior2-50Batch25,0.9548317694360451,54.14578161905232,77.89539741078558,84.19626649035504,99.31041453555993,Sim,47
